time,VNINDEX,E1VFVN30
2014-10-06,614.42,10.4
2014-10-07,614.08,10.3
2014-10-08,617.26,10.3
2014-10-09,624.34,10.2
2014-10-10,617.72,9.9
2014-10-13,614.22,9.9
2014-10-14,605.79,9.9
2014-10-15,604.29,9.9
2014-10-16,587.17,9.6
2014-10-17,585.28,9.7
2014-10-20,589.24,9.8
2014-10-21,600.55,9.9
2014-10-22,601.59,9.8
2014-10-23,593.53,9.8
2014-10-24,591.51,9.7
2014-10-27,580.8,9.6
2014-10-28,583.13,9.5
2014-10-29,591.2,9.8
2014-10-30,589.14,9.7
2014-10-31,600.84,9.9
2014-11-03,603.15,10.1
2014-11-04,598.39,10.1
2014-11-05,597.01,10.0
2014-11-06,597.85,9.8
2014-11-07,602.59,9.8
2014-11-10,602.12,9.9
2014-11-11,604.23,10.0
2014-11-12,604.01,9.9
2014-11-13,603.16,10.0
2014-11-14,600.36,9.9
2014-11-17,600.93,9.9
2014-11-18,594.25,9.9
2014-11-19,588.35,9.8
2014-11-20,593.32,9.9
2014-11-21,588.03,9.6
2014-11-24,582.53,9.5
2014-11-25,585.91,9.7
2014-11-26,576.04,9.5
2014-11-27,572.89,9.5
2014-11-28,566.58,9.5
2014-12-01,568.01,9.7
2014-12-02,569.43,9.5
2014-12-03,574.88,9.6
2014-12-04,578.38,9.7
2014-12-05,578.76,9.7
2014-12-08,571.68,9.6
2014-12-09,555.31,9.4
2014-12-10,557.19,9.5
2014-12-11,550.11,9.5
2014-12-12,553.93,9.5
2014-12-15,547.93,9.5
2014-12-16,535.14,9.3
2014-12-17,518.22,8.9
2014-12-18,528.45,9.0
2014-12-19,523.09,9.0
2014-12-22,537.54,9.2
2014-12-23,537.88,9.1
2014-12-24,539.44,9.1
2014-12-25,532.01,9.1
2014-12-26,533.37,9.2
2014-12-29,532.68,9.2
2014-12-30,537.57,9.3
2014-12-31,545.63,9.4
2015-01-05,544.45,9.4
2015-01-06,549.66,9.4
2015-01-07,552.05,9.4
2015-01-08,553.47,9.3
2015-01-09,569.73,9.5
2015-01-12,574.32,9.6
2015-01-13,580.6,9.6
2015-01-14,577.01,9.6
2015-01-15,577.74,9.5
2015-01-16,574.81,9.5
2015-01-19,571.51,9.5
2015-01-20,572.22,9.4
2015-01-21,569.12,9.4
2015-01-22,574.54,9.4
2015-01-23,582.38,9.5
2015-01-26,580.64,9.5
2015-01-27,579.3,9.5
2015-01-28,583.76,9.5
2015-01-29,583.28,9.5
2015-01-30,576.07,9.5
2015-02-02,570.37,9.3
2015-02-03,557.47,9.3
2015-02-04,561.45,9.3
2015-02-05,567.17,9.2
2015-02-06,574.13,9.2
2015-02-09,573.55,9.3
2015-02-10,574.52,9.2
2015-02-11,581.76,9.3
2015-02-12,584.67,9.4
2015-02-13,587.24,9.5
2015-02-24,596.95,9.5
2015-02-25,592.66,9.6
2015-02-26,596.72,9.5
2015-02-27,592.57,9.5
2015-03-02,590.73,9.5
2015-03-03,596.72,9.6
2015-03-04,600.39,9.6
2015-03-05,596.91,9.6
2015-03-06,593.97,9.7
2015-03-09,588.44,9.6
2015-03-10,589.66,9.6
2015-03-11,586.54,9.5
2015-03-12,588.53,9.5
2015-03-13,586.1,9.5
2015-03-16,580.8,9.4
2015-03-17,581.76,9.4
2015-03-18,578.68,9.4
2015-03-19,573.74,9.3
2015-03-20,575.44,9.3
2015-03-23,570.89,9.4
2015-03-24,567.43,9.3
2015-03-25,560.93,9.2
2015-03-26,556.16,9.2
2015-03-27,551.42,9.3
2015-03-30,545.19,9.0
2015-03-31,551.13,9.2
2015-04-01,538.91,8.9
2015-04-02,546.85,9.0
2015-04-03,547.85,9.0
2015-04-06,542.97,8.9
2015-04-07,548.11,9.0
2015-04-08,547.72,8.9
2015-04-09,550.52,9.0
2015-04-10,554.03,9.1
2015-04-13,559.54,9.0
2015-04-14,558.67,9.0
2015-04-15,564.5,9.1
2015-04-16,568.28,9.2
2015-04-17,568.32,9.3
2015-04-20,565.04,9.2
2015-04-21,562.24,9.1
2015-04-22,562.51,9.1
2015-04-23,561.25,9.1
2015-04-24,565.77,9.1
2015-04-27,562.4,9.1
2015-05-04,545.08,9.0
2015-05-05,552.65,8.9
2015-05-06,549.3,8.9
2015-05-07,552.98,9.0
2015-05-08,554.51,8.9
2015-05-11,551.67,9.0
2015-05-12,544.41,8.8
2015-05-13,542.82,8.8
2015-05-14,543.69,8.9
2015-05-15,537.44,8.7
2015-05-18,528.95,8.7
2015-05-19,536.82,8.7
2015-05-20,550.1,8.8
2015-05-21,552.56,8.8
2015-05-22,561.82,9.1
2015-05-25,563.0,9.0
2015-05-26,567.2,9.1
2015-05-27,566.48,9.1
2015-05-28,572.97,9.1
2015-05-29,569.56,9.1
2015-06-01,574.98,9.1
2015-06-02,570.31,9.1
2015-06-03,567.9,9.0
2015-06-04,568.99,9.0
2015-06-05,578.07,9.1
2015-06-08,579.83,9.1
2015-06-09,574.47,9.1
2015-06-10,574.1,9.0
2015-06-11,581.05,9.2
2015-06-12,582.73,9.2
2015-06-15,586.48,9.3
2015-06-16,580.35,9.3
2015-06-17,578.87,9.2
2015-06-18,580.35,9.2
2015-06-19,584.7,9.3
2015-06-22,594.08,9.4
2015-06-23,593.07,9.4
2015-06-24,590.02,9.4
2015-06-25,587.99,9.4
2015-06-26,581.75,9.5
2015-06-29,591.75,9.6
2015-06-30,593.05,9.7
2015-07-01,591.5,9.6
2015-07-02,605.7,9.7
2015-07-03,616.43,9.8
2015-07-06,625.22,10.1
2015-07-07,630.27,10.0
2015-07-08,623.17,10.0
2015-07-09,622.1,10.0
2015-07-10,627.28,10.1
2015-07-13,634.06,10.0
2015-07-14,638.69,10.1
2015-07-15,630.89,10.1
2015-07-16,626.9,10.1
2015-07-17,628.63,10.1
2015-07-20,620.54,10.0
2015-07-21,616.61,10.0
2015-07-22,629.85,10.1
2015-07-23,632.01,10.1
2015-07-24,631.26,10.1
2015-07-27,635.46,10.2
2015-07-28,631.47,10.3
2015-07-29,624.7,10.3
2015-07-30,626.57,10.3
2015-07-31,621.06,10.3
2015-08-03,609.47,10.1
2015-08-04,600.76,10.0
2015-08-05,607.08,10.0
2015-08-06,601.04,10.0
2015-08-07,603.76,10.0
2015-08-10,614.53,10.2
2015-08-11,613.05,10.2
2015-08-12,604.24,10.1
2015-08-13,594.26,9.9
2015-08-14,589.03,9.9
2015-08-17,573.15,9.7
2015-08-18,580.22,9.6
2015-08-19,577.82,9.5
2015-08-20,566.69,9.5
2015-08-21,556.3,9.3
2015-08-24,526.93,8.9
2015-08-25,529.98,8.9
2015-08-26,545.89,9.1
2015-08-27,555.81,9.3
2015-08-28,570.87,9.9
2015-08-31,564.75,9.4
2015-09-01,562.31,9.3
2015-09-03,554.3,9.1
2015-09-04,556.81,9.1
2015-09-07,554.93,9.1
2015-09-08,566.72,9.3
2015-09-09,572.34,9.3
2015-09-10,572.07,9.3
2015-09-11,566.74,9.2
2015-09-14,562.17,9.3
2015-09-15,563.27,9.1
2015-09-16,564.13,9.1
2015-09-17,562.48,9.2
2015-09-18,566.25,9.3
2015-09-21,572.12,9.4
2015-09-22,573.2,9.4
2015-09-23,572.72,9.4
2015-09-24,570.25,9.3
2015-09-25,570.38,9.3
2015-09-28,564.88,9.3
2015-09-29,561.19,9.2
2015-09-30,562.64,9.5
2015-10-01,563.54,9.3
2015-10-02,562.31,9.3
2015-10-05,570.0,9.3
2015-10-06,581.29,9.4
2015-10-07,579.57,9.4
2015-10-08,586.78,9.6
2015-10-09,588.02,9.6
2015-10-12,592.1,9.7
2015-10-13,590.84,9.6
2015-10-14,589.98,9.5
2015-10-15,592.4,9.5
2015-10-16,593.02,9.6
2015-10-19,594.61,9.7
2015-10-20,590.45,9.6
2015-10-21,590.24,9.7
2015-10-22,595.08,9.7
2015-10-23,601.74,9.8
2015-10-26,598.61,9.8
2015-10-27,598.44,9.7
2015-10-28,596.24,9.7
2015-10-29,605.2,9.8
2015-10-30,607.37,9.8
2015-11-02,602.76,9.7
2015-11-03,611.71,9.9
2015-11-04,610.6,9.9
2015-11-05,615.18,9.9
2015-11-06,612.36,9.9
2015-11-09,610.66,9.9
2015-11-10,605.27,9.9
2015-11-11,603.53,9.8
2015-11-12,605.58,9.7
2015-11-13,611.27,9.8
2015-11-16,609.21,9.9
2015-11-17,605.05,9.8
2015-11-18,603.34,9.8
2015-11-19,601.9,9.7
2015-11-20,604.46,9.7
2015-11-23,599.99,9.7
2015-11-24,593.83,9.5
2015-11-25,595.7,9.7
2015-11-26,590.4,9.7
2015-11-27,582.86,9.4
2015-11-30,573.2,9.4
2015-12-01,570.41,9.4
2015-12-02,574.42,9.3
2015-12-03,574.38,9.4
2015-12-04,571.62,9.3
2015-12-07,563.62,9.3
2015-12-08,574.15,9.3
2015-12-09,565.2,9.3
2015-12-10,561.04,9.3
2015-12-11,563.43,9.2
2015-12-14,562.22,9.2
2015-12-15,568.0,9.4
2015-12-16,572.55,9.4
2015-12-17,577.11,9.4
2015-12-18,568.18,9.4
2015-12-21,566.9,9.3
2015-12-22,566.35,9.3
2015-12-23,564.27,9.2
2015-12-24,566.17,9.2
2015-12-25,567.67,9.3
2015-12-28,569.9,9.3
2015-12-29,576.29,9.5
2015-12-30,579.45,9.6
2015-12-31,579.03,9.6
2016-01-04,574.41,9.4
2016-01-05,569.94,9.4
2016-01-06,574.57,9.3
2016-01-07,565.36,9.3
2016-01-08,560.05,9.1
2016-01-11,557.87,9.2
2016-01-12,564.26,9.2
2016-01-13,560.37,9.2
2016-01-14,553.03,9.1
2016-01-15,543.04,9.0
2016-01-18,526.37,8.7
2016-01-19,535.77,8.7
2016-01-20,529.44,8.8
2016-01-21,521.88,8.7
2016-01-22,522.24,8.7
2016-01-25,542.35,8.9
2016-01-26,537.73,8.8
2016-01-27,542.69,9.0
2016-01-28,539.47,9.0
2016-01-29,545.25,8.9
2016-02-01,540.56,9.0
2016-02-02,536.45,9.0
2016-02-03,539.07,8.8
2016-02-04,542.15,8.9
2016-02-05,544.75,9.0
2016-02-15,543.79,8.9
2016-02-16,548.05,9.0
2016-02-17,547.05,9.0
2016-02-18,552.49,9.0
2016-02-19,554.03,9.0
2016-02-22,560.71,9.1
2016-02-23,561.28,9.1
2016-02-24,568.04,9.2
2016-02-25,562.82,9.2
2016-02-26,566.11,9.2
2016-02-29,559.37,9.2
2016-03-01,561.56,9.2
2016-03-02,570.18,9.2
2016-03-03,570.39,9.3
2016-03-04,573.65,9.2
2016-03-07,576.2,9.2
2016-03-08,574.71,9.2
2016-03-09,571.71,9.2
2016-03-10,575.91,9.2
2016-03-11,577.26,9.3
2016-03-14,577.98,9.4
2016-03-15,574.04,9.2
2016-03-16,577.07,9.3
2016-03-17,579.26,9.3
2016-03-18,575.82,9.3
2016-03-21,572.27,9.3
2016-03-22,570.91,9.3
2016-03-23,574.71,9.3
2016-03-24,570.66,9.2
2016-03-25,572.08,9.2
2016-03-28,575.72,9.2
2016-03-29,568.28,9.1
2016-03-30,569.91,9.2
2016-03-31,561.22,9.1
2016-04-01,558.43,9.1
2016-04-04,555.82,9.1
2016-04-05,560.32,9.0
2016-04-06,567.79,9.2
2016-04-07,571.6,9.2
2016-04-08,572.34,9.3
2016-04-11,579.27,9.3
2016-04-12,579.84,9.3
2016-04-13,578.02,9.3
2016-04-14,579.49,9.4
2016-04-15,579.86,9.4
2016-04-19,568.28,9.2
2016-04-20,568.03,9.2
2016-04-21,575.73,9.3
2016-04-22,592.48,9.4
2016-04-25,591.58,9.5
2016-04-26,598.48,9.5
2016-04-27,593.96,9.5
2016-04-28,591.67,9.4
2016-04-29,598.37,9.5
2016-05-04,599.07,9.5
2016-05-05,601.51,9.6
2016-05-06,606.52,9.6
2016-05-09,603.85,9.6
2016-05-10,605.05,9.5
2016-05-11,614.06,9.6
2016-05-12,612.12,9.7
2016-05-13,610.82,9.7
2016-05-16,615.78,9.7
2016-05-17,624.75,9.8
2016-05-18,622.45,9.9
2016-05-19,619.2,9.9
2016-05-20,614.81,9.9
2016-05-23,611.03,9.8
2016-05-24,611.62,9.7
2016-05-25,611.89,9.9
2016-05-26,604.34,9.7
2016-05-27,608.11,9.7
2016-05-30,614.5,9.8
2016-05-31,618.44,9.8
2016-06-01,619.86,9.8
2016-06-02,623.37,9.8
2016-06-03,621.88,9.9
2016-06-06,620.05,9.9
2016-06-07,624.65,9.9
2016-06-08,627.87,10.0
2016-06-09,631.26,10.1
2016-06-10,629.84,10.1
2016-06-13,623.58,10.0
2016-06-14,625.43,9.9
2016-06-15,627.02,9.9
2016-06-16,625.11,9.9
2016-06-17,619.25,9.8
2016-06-20,626.46,9.9
2016-06-21,628.0,9.9
2016-06-22,626.41,9.9
2016-06-23,632.27,9.9
2016-06-24,620.77,9.7
2016-06-27,621.27,9.7
2016-06-28,622.2,9.7
2016-06-29,630.12,9.8
2016-06-30,632.26,9.9
2016-07-01,640.3,10.1
2016-07-04,647.96,10.0
2016-07-05,650.88,10.1
2016-07-06,649.46,10.1
2016-07-07,661.12,10.2
2016-07-08,658.68,10.2
2016-07-11,652.26,10.2
2016-07-12,658.9,10.2
2016-07-13,675.12,10.4
2016-07-14,666.69,10.3
2016-07-15,664.56,10.5
2016-07-18,673.5,10.4
2016-07-19,667.76,10.5
2016-07-20,660.26,10.5
2016-07-21,659.57,10.4
2016-07-22,649.87,10.2
2016-07-25,649.3,10.2
2016-07-26,648.59,10.2
2016-07-27,656.11,10.2
2016-07-28,657.14,10.3
2016-07-29,652.23,10.3
2016-08-01,648.38,10.2
2016-08-02,636.05,10.1
2016-08-03,631.61,10.0
2016-08-04,631.94,10.0
2016-08-05,627.39,9.8
2016-08-08,629.46,9.8
2016-08-09,637.34,9.9
2016-08-10,648.33,10.0
2016-08-11,660.24,10.1
2016-08-12,655.71,10.3
2016-08-15,659.47,10.2
2016-08-16,658.11,10.3
2016-08-17,660.51,10.4
2016-08-18,660.65,10.4
2016-08-19,662.28,10.4
2016-08-22,657.68,10.4
2016-08-23,659.16,10.4
2016-08-24,660.77,10.4
2016-08-25,658.5,10.4
2016-08-26,667.75,10.5
2016-08-29,669.44,10.6
2016-08-30,672.67,10.6
2016-08-31,674.63,10.6
2016-09-01,669.19,10.6
2016-09-05,664.55,10.6
2016-09-06,663.9,10.6
2016-09-07,661.28,10.5
2016-09-08,666.07,10.6
2016-09-09,666.88,10.6
2016-09-12,659.76,10.5
2016-09-13,659.72,10.5
2016-09-14,656.64,10.58
2016-09-15,656.18,10.46
2016-09-16,651.31,10.46
2016-09-19,657.89,10.4
2016-09-20,663.37,10.4
2016-09-21,668.48,10.6
2016-09-22,671.38,10.75
2016-09-23,674.09,10.75
2016-09-26,677.04,10.79
2016-09-27,684.89,10.72
2016-09-28,686.72,10.88
2016-09-29,688.55,10.84
2016-09-30,685.73,10.86
2016-10-03,683.05,10.8
2016-10-04,684.2,10.7
2016-10-05,687.04,10.7
2016-10-06,687.32,10.77
2016-10-07,683.95,10.64
2016-10-10,674.19,10.6
2016-10-11,682.36,10.56
2016-10-12,682.45,10.56
2016-10-13,685.23,10.6
2016-10-14,687.0,10.66
2016-10-17,680.95,10.59
2016-10-18,682.02,10.64
2016-10-19,688.89,10.6
2016-10-20,686.39,10.6
2016-10-21,684.83,10.64
2016-10-24,678.02,10.64
2016-10-25,676.18,10.45
2016-10-26,673.61,10.39
2016-10-27,676.9,10.39
2016-10-28,682.25,10.39
2016-10-31,675.8,10.52
2016-11-01,676.6,10.4
2016-11-02,671.4,10.38
2016-11-03,667.63,10.21
2016-11-04,666.73,10.2
2016-11-07,674.14,10.3
2016-11-08,676.46,10.4
2016-11-09,670.26,10.2
2016-11-10,678.17,10.31
2016-11-11,679.2,10.31
2016-11-14,673.05,10.31
2016-11-15,674.26,10.31
2016-11-16,674.6,10.3
2016-11-17,674.57,10.3
2016-11-18,673.25,10.3
2016-11-21,674.29,10.3
2016-11-22,681.91,10.3
2016-11-23,683.16,10.3
2016-11-24,678.18,10.5
2016-11-25,675.87,10.45
2016-11-28,665.29,10.24
2016-11-29,658.26,10.18
2016-11-30,665.07,10.13
2016-12-01,666.54,10.26
2016-12-02,665.14,10.19
2016-12-05,660.21,10.15
2016-12-06,651.49,9.99
2016-12-07,653.53,9.97
2016-12-08,658.89,10.01
2016-12-09,663.07,10.05
2016-12-12,659.7,9.98
2016-12-13,654.66,9.9
2016-12-14,665.14,9.85
2016-12-15,665.92,9.9
2016-12-16,675.16,9.9
2016-12-19,674.33,10.11
2016-12-20,662.66,10.05
2016-12-21,666.94,10.05
2016-12-22,664.15,10.04
2016-12-23,664.37,10.0
2016-12-26,662.45,10.06
2016-12-27,663.86,10.09
2016-12-28,663.5,10.08
2016-12-29,664.72,10.12
2016-12-30,664.87,10.17
2017-01-03,672.01,10.19
2017-01-04,674.7,10.25
2017-01-05,675.81,10.29
2017-01-06,679.8,10.35
2017-01-09,682.57,10.37
2017-01-10,681.07,10.37
2017-01-11,687.16,10.43
2017-01-12,686.96,10.43
2017-01-13,685.06,10.41
2017-01-16,677.94,10.34
2017-01-17,684.71,10.34
2017-01-18,683.28,10.36
2017-01-19,682.31,10.36
2017-01-20,686.26,10.36
2017-01-23,687.15,10.36
2017-01-24,691.36,10.41
2017-01-25,697.28,10.45
2017-02-02,703.18,10.52
2017-02-03,700.35,10.61
2017-02-06,700.04,10.6
2017-02-07,701.91,10.65
2017-02-08,702.04,10.67
2017-02-09,700.65,10.7
2017-02-10,703.78,10.73
2017-02-13,705.9,10.76
2017-02-14,706.26,10.76
2017-02-15,711.57,10.84
2017-02-16,709.35,10.9
2017-02-17,707.83,10.89
2017-02-20,710.59,10.8
2017-02-21,716.55,10.92
2017-02-22,717.24,10.9
2017-02-23,716.87,10.86
2017-02-24,714.47,10.87
2017-02-27,717.44,10.82
2017-02-28,710.79,10.82
2017-03-01,709.52,10.7
2017-03-02,707.51,10.72
2017-03-03,712.62,10.69
2017-03-06,716.29,10.74
2017-03-07,716.54,10.75
2017-03-08,716.6,10.79
2017-03-09,715.8,10.83
2017-03-10,712.21,10.86
2017-03-13,710.17,10.86
2017-03-14,714.71,10.89
2017-03-15,713.14,10.85
2017-03-16,714.92,10.85
2017-03-17,710.54,10.9
2017-03-20,715.07,11.0
2017-03-21,716.18,11.03
2017-03-22,712.94,11.08
2017-03-23,719.56,11.18
2017-03-24,722.14,11.32
2017-03-27,723.52,11.29
2017-03-28,719.26,11.25
2017-03-29,720.47,11.32
2017-03-30,723.86,11.32
2017-03-31,722.31,11.3
2017-04-03,722.38,11.34
2017-04-04,724.14,11.37
2017-04-05,723.22,11.36
2017-04-07,727.95,11.29
2017-04-10,729.87,11.4
2017-04-11,731.33,11.39
2017-04-12,725.58,11.38
2017-04-13,724.35,11.34
2017-04-14,718.45,11.14
2017-04-17,710.83,11.0
2017-04-18,714.93,10.96
2017-04-19,716.77,11.08
2017-04-20,712.66,11.04
2017-04-21,712.41,11.03
2017-04-24,709.39,10.95
2017-04-25,707.58,10.92
2017-04-26,710.04,10.99
2017-04-27,716.53,11.14
2017-04-28,717.73,11.14
2017-05-03,719.54,11.18
2017-05-04,722.02,11.21
2017-05-05,720.0,11.23
2017-05-08,718.86,11.19
2017-05-09,722.11,11.24
2017-05-10,724.31,11.35
2017-05-11,724.99,11.32
2017-05-12,725.37,11.3
2017-05-15,725.35,11.37
2017-05-16,725.03,11.41
2017-05-17,727.2,11.38
2017-05-18,726.99,11.4
2017-05-19,733.82,11.46
2017-05-22,744.1,11.6
2017-05-23,740.93,11.61
2017-05-24,742.74,11.78
2017-05-25,741.91,11.7
2017-05-26,743.41,11.77
2017-05-29,746.25,11.85
2017-05-30,738.21,11.83
2017-05-31,737.82,11.61
2017-06-01,741.8,11.79
2017-06-02,738.81,11.78
2017-06-05,743.49,11.84
2017-06-06,751.31,11.91
2017-06-07,753.46,12.1
2017-06-08,750.13,12.04
2017-06-09,749.72,12.13
2017-06-12,751.09,12.09
2017-06-13,756.89,12.14
2017-06-14,760.77,12.24
2017-06-15,760.57,12.26
2017-06-16,761.24,12.3
2017-06-19,766.83,12.37
2017-06-20,767.99,12.46
2017-06-21,767.41,12.37
2017-06-22,766.3,12.45
2017-06-23,769.01,12.37
2017-06-26,772.52,12.45
2017-06-27,767.51,12.39
2017-06-28,769.04,12.36
2017-06-29,771.75,12.49
2017-06-30,776.47,12.56
2017-07-03,778.88,12.63
2017-07-04,775.54,12.57
2017-07-05,778.32,13.4
2017-07-06,782.65,12.65
2017-07-07,775.73,12.6
2017-07-10,766.56,12.3
2017-07-11,769.36,12.38
2017-07-12,774.17,12.44
2017-07-13,778.3,12.44
2017-07-14,777.6,12.47
2017-07-17,768.91,12.27
2017-07-18,767.49,12.02
2017-07-19,771.3,12.14
2017-07-20,768.41,12.11
2017-07-21,761.86,12.04
2017-07-24,759.74,12.03
2017-07-25,767.27,12.0
2017-07-26,773.88,12.14
2017-07-27,771.5,12.14
2017-07-28,777.09,12.27
2017-07-31,783.55,12.35
2017-08-01,786.81,12.44
2017-08-02,786.23,12.43
2017-08-03,788.49,12.36
2017-08-04,788.68,12.38
2017-08-07,792.98,12.49
2017-08-08,791.57,12.43
2017-08-09,773.66,12.3
2017-08-10,773.43,12.2
2017-08-11,772.08,12.19
2017-08-14,776.17,12.25
2017-08-15,771.06,12.22
2017-08-16,773.57,12.27
2017-08-17,767.59,12.22
2017-08-18,768.97,12.22
2017-08-21,768.79,12.18
2017-08-22,761.26,12.17
2017-08-23,765.98,12.12
2017-08-24,769.77,12.29
2017-08-25,771.63,12.26
2017-08-28,777.26,12.39
2017-08-29,774.03,12.39
2017-08-30,778.65,12.46
2017-08-31,782.76,12.63
2017-09-01,788.73,12.69
2017-09-05,792.31,12.73
2017-09-06,793.55,12.75
2017-09-07,796.72,12.82
2017-09-08,801.2,12.8
2017-09-11,797.47,12.82
2017-09-12,799.94,12.81
2017-09-13,802.78,12.82
2017-09-14,806.32,13.04
2017-09-15,805.82,13.02
2017-09-18,807.87,13.06
2017-09-19,805.93,13.12
2017-09-20,805.86,13.04
2017-09-21,803.93,12.96
2017-09-22,807.13,12.95
2017-09-25,805.58,13.0
2017-09-26,805.35,13.0
2017-09-27,803.77,12.95
2017-09-28,804.82,13.06
2017-09-29,804.42,13.0
2017-10-02,802.23,12.96
2017-10-03,798.0,12.9
2017-10-04,805.66,13.05
2017-10-05,805.23,13.11
2017-10-06,807.8,13.15
2017-10-09,808.96,13.2
2017-10-10,810.65,13.25
2017-10-11,813.95,13.31
2017-10-12,815.87,13.4
2017-10-13,820.95,13.42
2017-10-16,819.43,13.42
2017-10-17,828.29,13.46
2017-10-18,827.72,13.46
2017-10-19,828.93,13.48
2017-10-20,826.84,13.4
2017-10-23,820.04,13.35
2017-10-24,825.24,13.41
2017-10-25,830.69,13.56
2017-10-26,830.11,13.52
2017-10-27,840.37,13.72
2017-10-30,845.2,13.84
2017-10-31,837.28,13.78
2017-11-01,842.71,13.75
2017-11-02,833.09,13.71
2017-11-03,843.73,13.71
2017-11-06,849.09,13.86
2017-11-07,850.33,13.96
2017-11-08,859.7,14.13
2017-11-09,860.4,14.02
2017-11-10,868.21,14.15
2017-11-13,879.34,14.22
2017-11-14,880.9,14.33
2017-11-15,882.59,14.57
2017-11-16,892.8,14.61
2017-11-17,890.69,14.65
2017-11-20,903.55,14.82
2017-11-21,918.3,15.06
2017-11-22,932.66,15.25
2017-11-23,933.7,15.3
2017-11-24,935.57,15.31
2017-11-27,938.61,15.3
2017-11-28,941.21,15.34
2017-11-29,952.14,15.49
2017-11-30,949.93,15.64
2017-12-01,960.33,15.73
2017-12-04,970.02,15.99
2017-12-05,953.3,15.65
2017-12-06,947.64,15.28
2017-12-07,938.65,15.42
2017-12-08,940.16,15.43
2017-12-11,917.45,15.33
2017-12-12,927.25,15.28
2017-12-13,924.4,15.13
2017-12-14,935.85,15.36
2017-12-15,935.16,15.43
2017-12-18,958.06,15.71
2017-12-19,951.42,15.74
2017-12-20,953.51,15.74
2017-12-21,946.06,15.71
2017-12-22,952.32,15.65
2017-12-25,958.31,15.73
2017-12-26,965.93,15.85
2017-12-27,968.46,15.86
2017-12-28,976.72,16.04
2017-12-29,984.24,16.18
2018-01-02,995.77,16.41
2018-01-03,1005.67,16.65
2018-01-04,1019.75,16.75
2018-01-05,1012.65,16.71
2018-01-08,1022.9,16.98
2018-01-09,1033.56,17.16
2018-01-10,1038.11,17.09
2018-01-11,1048.17,17.35
2018-01-12,1050.11,17.45
2018-01-15,1063.47,17.6
2018-01-16,1062.96,17.58
2018-01-17,1034.69,17.25
2018-01-18,1050.25,17.25
2018-01-19,1062.07,17.55
2018-01-22,1087.42,17.85
2018-01-25,1104.57,18.5
2018-01-26,1115.64,18.15
2018-01-29,1109.8,18.01
2018-01-30,1110.56,18.0
2018-01-31,1110.36,18.0
2018-02-01,1099.67,17.8
2018-02-02,1105.04,17.9
2018-02-05,1048.71,16.91
2018-02-06,1011.6,16.44
2018-02-07,1040.55,16.94
2018-02-08,1023.25,16.65
2018-02-09,1003.94,16.35
2018-02-12,1041.79,17.0
2018-02-13,1059.73,17.33
2018-02-21,1087.15,17.67
2018-02-22,1076.03,17.45
2018-02-23,1102.85,17.9
2018-02-26,1114.53,18.0
2018-02-27,1119.61,18.0
2018-02-28,1121.54,18.0
2018-03-01,1115.79,18.15
2018-03-02,1121.21,18.24
2018-03-05,1093.48,17.9
2018-03-06,1120.29,17.9
2018-03-07,1112.26,17.7
2018-03-08,1124.15,18.1
2018-03-09,1123.41,18.17
2018-03-12,1126.29,18.0
2018-03-13,1133.31,18.1
2018-03-14,1138.09,18.3
2018-03-15,1138.76,18.21
2018-03-16,1150.19,18.3
2018-03-19,1159.22,18.55
2018-03-20,1159.39,18.65
2018-03-21,1169.36,18.78
2018-03-22,1172.36,18.91
2018-03-23,1153.59,18.7
2018-03-26,1171.22,18.76
2018-03-27,1171.73,18.95
2018-03-28,1172.24,18.9
2018-03-29,1167.03,18.75
2018-03-30,1174.46,18.88
2018-04-02,1196.61,19.1
2018-04-03,1188.29,18.96
2018-04-04,1191.54,19.1
2018-04-05,1193.17,19.2
2018-04-06,1199.96,19.0
2018-04-09,1204.33,19.3
2018-04-10,1198.12,19.05
2018-04-11,1167.11,18.7
2018-04-12,1173.02,18.72
2018-04-13,1157.14,18.6
2018-04-16,1148.49,18.5
2018-04-17,1153.28,18.55
2018-04-18,1138.53,18.3
2018-04-19,1094.63,18.2
2018-04-20,1119.86,17.8
2018-04-23,1076.78,17.4
2018-04-24,1080.74,17.3
2018-04-26,1044.86,16.7
2018-04-27,1050.26,16.6
2018-05-02,1029.08,16.4
2018-05-03,1026.46,16.49
2018-05-04,1026.8,16.52
2018-05-07,1062.26,17.2
2018-05-08,1060.45,17.17
2018-05-09,1056.97,17.1
2018-05-10,1028.87,17.0
2018-05-11,1044.85,16.8
2018-05-14,1066.98,17.29
2018-05-15,1073.5,17.3
2018-05-16,1054.62,16.99
2018-05-17,1030.64,16.65
2018-05-18,1040.54,16.7
2018-05-21,1014.98,16.4
2018-05-22,985.91,15.63
2018-05-23,988.94,15.9
2018-05-24,985.92,15.6
2018-05-25,963.9,15.4
2018-05-28,931.75,14.8
2018-05-29,952.18,15.1
2018-05-30,948.5,15.0
2018-05-31,971.25,15.8
2018-06-01,992.87,16.04
2018-06-04,1013.78,16.34
2018-06-05,1022.74,16.45
2018-06-06,1034.5,16.73
2018-06-07,1036.69,16.8
2018-06-08,1039.01,16.78
2018-06-11,1039.02,16.86
2018-06-12,1020.76,16.6
2018-06-13,1030.53,16.75
2018-06-14,1015.72,16.31
2018-06-15,1016.51,16.54
2018-06-18,987.34,16.0
2018-06-19,962.16,15.11
2018-06-20,980.95,16.0
2018-06-21,969.4,15.56
2018-06-22,983.17,15.99
2018-06-25,990.52,16.14
2018-06-26,983.02,15.93
2018-06-27,968.91,15.8
2018-06-28,957.35,15.49
2018-06-29,960.78,15.89
2018-07-02,947.15,15.33
2018-07-03,906.01,14.8
2018-07-04,914.99,14.99
2018-07-05,899.4,14.52
2018-07-06,917.51,14.9
2018-07-09,915.12,14.82
2018-07-10,911.12,14.82
2018-07-11,893.16,14.46
2018-07-12,898.51,14.51
2018-07-13,909.72,14.85
2018-07-16,911.11,14.9
2018-07-17,921.27,14.95
2018-07-18,942.39,15.4
2018-07-19,943.97,15.41
2018-07-20,933.39,15.53
2018-07-23,936.74,15.6
2018-07-24,934.08,15.2
2018-07-25,927.58,15.16
2018-07-26,930.16,15.01
2018-07-27,935.52,15.21
2018-07-30,949.73,15.41
2018-07-31,956.39,15.55
2018-08-01,952.77,15.55
2018-08-02,953.55,15.4
2018-08-03,959.6,15.48
2018-08-06,960.23,15.4
2018-08-07,956.79,15.4
2018-08-08,966.27,15.55
2018-08-09,963.5,15.55
2018-08-10,968.47,15.55
2018-08-13,978.04,15.85
2018-08-14,978.27,15.84
2018-08-15,961.37,15.6
2018-08-16,964.28,15.55
2018-08-17,968.88,15.68
2018-08-20,969.62,15.45
2018-08-21,979.21,15.65
2018-08-22,982.15,15.75
2018-08-23,987.36,15.82
2018-08-24,987.05,15.81
2018-08-27,991.92,15.9
2018-08-28,995.19,15.99
2018-08-29,988.17,15.98
2018-08-30,998.07,15.98
2018-08-31,989.54,15.95
2018-09-04,975.94,15.8
2018-09-05,968.44,15.5
2018-09-06,958.19,15.4
2018-09-07,968.9,15.56
2018-09-10,970.34,15.5
2018-09-11,985.06,15.78
2018-09-12,987.01,15.85
2018-09-13,987.95,15.71
2018-09-14,991.34,16.1
2018-09-17,987.61,15.7
2018-09-18,993.49,15.75
2018-09-19,995.54,15.9
2018-09-20,1004.74,15.96
2018-09-21,1002.97,16.2
2018-09-24,1011.29,16.21
2018-09-25,1010.74,16.22
2018-09-26,1009.61,16.24
2018-09-27,1015.37,16.29
2018-09-28,1017.13,16.37
2018-10-01,1012.88,16.45
2018-10-02,1018.79,16.3
2018-10-03,1020.4,16.35
2018-10-04,1023.62,16.31
2018-10-05,1008.39,16.13
2018-10-08,996.12,16.0
2018-10-09,996.19,15.96
2018-10-10,993.96,15.91
2018-10-11,945.89,15.15
2018-10-12,970.08,15.59
2018-10-15,951.64,15.21
2018-10-16,963.37,15.43
2018-10-17,971.6,15.58
2018-10-18,963.47,15.48
2018-10-19,958.36,15.4
2018-10-22,953.51,15.3
2018-10-23,939.68,15.02
2018-10-24,922.73,14.7
2018-10-25,910.17,14.6
2018-10-26,900.82,14.52
2018-10-29,888.82,14.42
2018-10-30,888.69,14.42
2018-10-31,914.76,15.02
2018-11-01,907.96,14.57
2018-11-02,924.86,15.02
2018-11-05,925.53,15.02
2018-11-06,922.05,14.88
2018-11-07,922.16,14.8
2018-11-08,926.28,14.85
2018-11-09,914.29,14.6
2018-11-12,918.12,14.6
2018-11-13,905.38,14.47
2018-11-14,900.93,14.36
2018-11-15,897.15,14.17
2018-11-16,898.19,14.41
2018-11-19,916.06,14.93
2018-11-20,919.02,14.7
2018-11-21,922.56,14.8
2018-11-22,924.42,14.81
2018-11-23,917.97,14.6
2018-11-26,921.03,14.71
2018-11-27,923.12,14.75
2018-11-28,930.2,14.78
2018-11-29,926.79,14.78
2018-11-30,926.54,14.72
2018-12-03,951.59,15.18
2018-12-04,958.84,15.5
2018-12-05,957.14,15.27
2018-12-06,954.82,15.14
2018-12-07,958.59,15.3
2018-12-10,955.89,15.2
2018-12-11,954.58,15.15
2018-12-12,961.28,15.35
2018-12-13,960.25,15.45
2018-12-14,952.04,15.34
2018-12-17,933.65,14.8
2018-12-18,927.25,14.57
2018-12-19,919.24,14.55
2018-12-20,918.24,14.53
2018-12-21,912.26,14.5
2018-12-24,908.56,14.4
2018-12-25,897.94,14.13
2018-12-26,891.75,14.1
2018-12-27,900.81,14.32
2018-12-28,892.54,14.31
2019-01-02,891.75,14.1
2019-01-03,878.22,13.93
2019-01-04,880.9,13.92
2019-01-07,889.64,13.98
2019-01-08,887.44,14.1
2019-01-09,896.99,14.0
2019-01-10,898.3,14.2
2019-01-11,902.71,14.17
2019-01-14,901.8,14.15
2019-01-15,909.68,14.25
2019-01-16,908.7,14.26
2019-01-17,901.89,14.04
2019-01-18,902.3,14.05
2019-01-21,911.05,14.39
2019-01-22,906.55,14.2
2019-01-23,908.18,14.28
2019-01-24,908.79,14.27
2019-01-25,908.88,14.2
2019-01-28,912.18,14.31
2019-01-29,915.93,14.5
2019-01-30,915.84,14.42
2019-01-31,910.65,14.26
2019-02-01,908.67,14.2
2019-02-11,926.1,14.69
2019-02-12,937.54,14.8
2019-02-13,945.25,14.9
2019-02-14,952.34,14.95
2019-02-15,950.89,14.9
2019-02-18,961.3,14.94
2019-02-19,964.35,15.02
2019-02-20,970.58,15.15
2019-02-21,987.57,15.18
2019-02-22,988.91,15.4
2019-02-25,994.43,15.55
2019-02-26,987.06,15.37
2019-02-27,990.27,15.44
2019-02-28,965.47,15.0
2019-03-01,979.63,15.2
2019-03-04,993.99,15.39
2019-03-05,992.45,15.3
2019-03-06,994.49,15.3
2019-03-07,994.03,15.4
2019-03-08,985.25,15.22
2019-03-11,984.6,15.2
2019-03-12,1001.32,15.3
2019-03-13,1005.41,15.46
2019-03-14,1008.44,15.48
2019-03-15,1004.12,15.35
2019-03-18,1011.86,15.41
2019-03-19,1006.59,15.3
2019-03-20,1002.3,15.24
2019-03-21,981.78,15.11
2019-03-22,988.71,15.4
2019-03-25,970.07,14.73
2019-03-26,969.79,15.0
2019-03-27,975.91,14.86
2019-03-28,982.98,14.89
2019-03-29,980.76,14.7
2019-04-01,988.53,14.94
2019-04-02,985.81,14.97
2019-04-03,984.46,15.0
2019-04-04,986.91,14.95
2019-04-05,989.26,14.98
2019-04-08,997.56,15.0
2019-04-09,988.48,14.9
2019-04-10,981.91,14.8
2019-04-11,985.95,14.81
2019-04-12,982.9,14.81
2019-04-16,977.17,14.68
2019-04-17,972.1,14.75
2019-04-18,962.3,14.61
2019-04-19,966.21,14.65
2019-04-22,965.86,14.57
2019-04-23,968.0,14.52
2019-04-24,976.92,14.8
2019-04-25,974.13,14.63
2019-04-26,979.64,14.72
2019-05-02,978.5,14.72
2019-05-03,974.14,14.9
2019-05-06,957.97,14.52
2019-05-07,957.56,14.5
2019-05-08,951.22,14.46
2019-05-09,947.01,14.46
2019-05-10,952.55,14.46
2019-05-13,958.54,14.5
2019-05-14,965.34,14.56
2019-05-15,975.64,14.77
2019-05-16,975.69,14.82
2019-05-17,976.48,14.77
2019-05-20,987.13,14.94
2019-05-21,986.29,14.98
2019-05-22,983.78,14.8
2019-05-23,982.71,14.84
2019-05-24,970.03,14.79
2019-05-27,975.14,14.75
2019-05-28,972.0,14.81
2019-05-29,971.54,14.7
2019-05-30,969.34,14.78
2019-05-31,959.88,14.55
2019-06-03,946.47,14.1
2019-06-04,951.16,14.39
2019-06-05,951.41,14.37
2019-06-06,948.21,14.21
2019-06-07,958.28,14.38
2019-06-10,962.9,14.32
2019-06-11,962.07,14.49
2019-06-12,954.17,14.3
2019-06-13,950.08,14.3
2019-06-14,953.61,14.5
2019-06-17,946.95,14.19
2019-06-18,944.01,14.05
2019-06-19,949.69,14.2
2019-06-20,959.18,14.4
2019-06-21,959.2,14.41
2019-06-24,962.85,14.45
2019-06-25,960.13,14.42
2019-06-26,959.13,14.34
2019-06-27,943.11,14.22
2019-06-28,949.94,14.21
2019-07-01,965.61,14.55
2019-07-02,961.98,14.55
2019-07-03,960.39,14.35
2019-07-04,973.04,14.59
2019-07-05,975.34,14.6
2019-07-08,966.35,14.51
2019-07-09,969.05,14.42
2019-07-10,973.65,14.56
2019-07-11,978.63,14.6
2019-07-12,975.4,14.55
2019-07-15,972.53,14.48
2019-07-16,982.11,14.56
2019-07-17,982.57,14.57
2019-07-18,976.05,14.49
2019-07-19,982.34,14.57
2019-07-22,982.04,14.59
2019-07-23,989.46,14.68
2019-07-24,988.41,14.73
2019-07-25,994.95,14.79
2019-07-26,993.35,14.75
2019-07-29,997.94,14.73
2019-07-30,986.02,14.64
2019-07-31,991.66,14.71
2019-08-01,997.39,14.68
2019-08-02,991.1,14.66
2019-08-05,973.15,14.5
2019-08-06,964.61,14.3
2019-08-07,965.93,14.37
2019-08-08,975.24,14.5
2019-08-09,974.34,14.56
2019-08-12,975.31,14.62
2019-08-13,966.83,14.58
2019-08-14,968.91,14.62
2019-08-15,979.38,14.72
2019-08-16,980.0,14.86
2019-08-19,981.03,14.85
2019-08-20,984.67,14.85
2019-08-21,994.38,14.94
2019-08-22,997.26,14.97
2019-08-23,992.45,14.95
2019-08-26,982.88,14.85
2019-08-27,976.79,14.7
2019-08-28,977.26,14.7
2019-08-29,978.59,14.73
2019-08-30,984.06,14.88
2019-09-03,979.36,14.78
2019-09-04,977.63,14.75
2019-09-05,976.79,14.73
2019-09-06,974.08,14.75
2019-09-09,974.12,14.7
2019-09-10,970.26,14.69
2019-09-11,969.31,14.7
2019-09-12,976.07,14.81
2019-09-13,987.22,14.9
2019-09-16,989.86,15.06
2019-09-17,996.74,15.12
2019-09-18,995.15,15.15
2019-09-19,997.1,15.21
2019-09-20,990.36,15.26
2019-09-23,985.75,15.22
2019-09-24,988.13,15.16
2019-09-25,987.3,15.16
2019-09-26,990.75,15.2
2019-09-27,997.84,15.4
2019-09-30,996.56,15.46
2019-10-01,999.59,15.5
2019-10-02,991.19,15.28
2019-10-03,992.45,15.4
2019-10-04,987.59,15.22
2019-10-07,983.09,15.3
2019-10-08,988.22,15.2
2019-10-09,987.83,15.23
2019-10-10,987.38,15.23
2019-10-11,991.84,15.3
2019-10-14,993.57,15.5
2019-10-15,993.05,15.4
2019-10-16,994.46,15.4
2019-10-17,989.82,15.29
2019-10-18,989.2,15.3
2019-10-21,983.56,15.26
2019-10-22,987.19,15.23
2019-10-23,987.79,15.3
2019-10-24,993.6,15.35
2019-10-25,996.57,15.4
2019-10-28,996.48,15.45
2019-10-29,995.87,15.41
2019-10-30,1000.89,15.5
2019-10-31,998.82,15.38
2019-11-01,1015.59,15.5
2019-11-04,1022.43,15.62
2019-11-05,1024.34,15.67
2019-11-06,1024.91,15.72
2019-11-07,1024.03,15.73
2019-11-08,1022.49,15.7
2019-11-11,1016.75,15.67
2019-11-12,1018.33,15.65
2019-11-13,1012.77,15.5
2019-11-14,1012.3,15.45
2019-11-15,1010.03,15.43
2019-11-18,1002.91,15.33
2019-11-19,1008.35,15.4
2019-11-20,1000.56,15.3
2019-11-21,987.89,15.0
2019-11-22,977.78,14.87
2019-11-25,976.35,14.91
2019-11-26,976.79,14.98
2019-11-27,978.17,14.9
2019-11-28,970.39,14.74
2019-11-29,970.75,14.75
2019-12-02,959.31,14.65
2019-12-03,953.43,14.5
2019-12-04,965.9,14.75
2019-12-05,963.27,14.64
2019-12-06,963.56,14.67
2019-12-09,966.06,14.66
2019-12-10,960.3,14.52
2019-12-11,961.78,14.8
2019-12-12,968.17,14.73
2019-12-13,966.18,14.8
2019-12-16,961.47,14.56
2019-12-17,954.03,14.48
2019-12-18,951.13,14.35
2019-12-19,952.26,14.3
2019-12-20,956.41,14.36
2019-12-23,959.43,14.44
2019-12-24,958.88,14.5
2019-12-25,960.92,14.5
2019-12-26,958.59,14.5
2019-12-27,963.51,14.61
2019-12-30,965.03,14.66
2019-12-31,960.99,14.76
2020-01-02,966.67,14.78
2020-01-03,965.14,14.7
2020-01-06,955.79,14.6
2020-01-07,958.88,14.58
2020-01-08,948.98,14.43
2020-01-09,960.15,14.6
2020-01-10,968.54,14.72
2020-01-13,965.84,14.7
2020-01-14,967.0,14.74
2020-01-15,967.56,14.73
2020-01-16,974.31,14.85
2020-01-17,978.96,14.91
2020-01-20,978.63,14.92
2020-01-21,986.37,15.8
2020-01-22,991.46,15.1
2020-01-30,959.58,14.6
2020-01-31,936.62,14.15
2020-02-03,928.14,13.97
2020-02-04,929.09,14.04
2020-02-05,925.91,14.0
2020-02-06,938.54,14.35
2020-02-07,940.75,14.4
2020-02-10,930.73,14.25
2020-02-11,934.67,14.26
2020-02-12,937.68,14.46
2020-02-13,938.24,14.68
2020-02-14,937.45,14.43
2020-02-17,934.77,14.39
2020-02-18,927.93,14.35
2020-02-19,928.76,14.31
2020-02-20,938.13,14.4
2020-02-21,933.09,14.43
2020-02-24,903.34,14.11
2020-02-25,909.67,14.09
2020-02-26,895.97,14.05
2020-02-27,898.44,14.12
2020-02-28,882.19,13.86
2020-03-02,884.43,13.99
2020-03-03,890.61,14.08
2020-03-04,889.37,13.87
2020-03-05,893.31,13.95
2020-03-06,891.44,13.81
2020-03-09,835.49,13.02
2020-03-10,837.5,13.0
2020-03-11,811.35,12.55
2020-03-12,769.25,11.8
2020-03-13,761.78,12.0
2020-03-16,747.86,11.53
2020-03-17,745.78,11.63
2020-03-18,747.66,11.51
2020-03-19,725.94,11.15
2020-03-20,709.73,11.24
2020-03-23,666.59,10.5
2020-03-24,659.21,10.4
2020-03-25,690.25,10.85
2020-03-26,694.21,10.7
2020-03-27,696.06,10.67
2020-03-30,662.26,10.1
2020-03-31,662.53,10.75
2020-04-01,680.23,10.38
2020-04-03,701.8,10.71
2020-04-06,736.75,11.22
2020-04-07,746.69,11.5
2020-04-08,748.02,11.55
2020-04-09,760.33,11.68
2020-04-10,757.94,11.5
2020-04-13,765.79,11.8
2020-04-14,767.41,11.82
2020-04-15,777.22,12.1
2020-04-16,780.7,11.95
2020-04-17,789.6,12.25
2020-04-20,794.97,12.3
2020-04-21,766.84,11.82
2020-04-22,768.92,11.91
2020-04-23,773.91,11.95
2020-04-24,776.66,12.05
2020-04-27,770.77,12.13
2020-04-28,767.21,11.94
2020-04-29,769.11,12.0
2020-05-04,762.47,11.9
2020-05-05,764.16,11.86
2020-05-06,782.59,12.18
2020-05-07,796.54,12.35
2020-05-08,813.73,12.7
2020-05-11,828.33,12.95
2020-05-12,835.32,13.1
2020-05-13,834.21,13.04
2020-05-14,832.4,12.95
2020-05-15,827.03,12.93
2020-05-18,837.01,13.07
2020-05-19,845.92,13.4
2020-05-20,852.91,13.45
2020-05-21,862.73,13.7
2020-05-22,852.74,13.42
2020-05-25,859.04,13.4
2020-05-26,869.13,13.58
2020-05-27,857.48,13.46
2020-05-28,861.39,13.43
2020-05-29,864.47,13.47
2020-06-01,878.67,13.69
2020-06-02,874.8,13.62
2020-06-03,881.17,13.63
2020-06-04,883.9,13.7
2020-06-05,886.22,13.75
2020-06-08,899.92,14.0
2020-06-09,899.43,13.96
2020-06-10,900.0,14.14
2020-06-11,867.37,13.65
2020-06-12,863.52,13.55
2020-06-15,832.47,13.0
2020-06-16,856.13,13.29
2020-06-17,854.44,13.4
2020-06-18,855.27,13.35
2020-06-19,868.56,13.5
2020-06-22,871.28,13.55
2020-06-23,868.2,13.54
2020-06-24,859.71,13.4
2020-06-25,854.59,13.34
2020-06-26,851.98,13.35
2020-06-29,829.36,12.82
2020-06-30,825.11,13.3
2020-07-01,843.49,13.3
2020-07-02,842.38,13.18
2020-07-03,847.61,13.29
2020-07-06,861.16,13.5
2020-07-07,863.42,13.48
2020-07-08,864.5,13.44
2020-07-09,876.46,13.7
2020-07-10,871.21,13.69
2020-07-13,868.72,13.5
2020-07-14,868.11,13.5
2020-07-15,869.91,13.7
2020-07-16,876.83,13.6
2020-07-17,872.02,13.6
2020-07-20,861.4,13.47
2020-07-21,861.69,13.5
2020-07-22,855.08,13.4
2020-07-23,856.75,13.28
2020-07-24,829.16,13.0
2020-07-27,785.17,12.25
2020-07-28,813.36,12.6
2020-07-29,790.84,12.38
2020-07-30,801.13,12.46
2020-07-31,798.39,12.4
2020-08-03,814.65,12.62
2020-08-04,827.57,12.9
2020-08-05,837.8,13.07
2020-08-06,840.04,13.44
2020-08-07,841.46,13.2
2020-08-10,843.2,13.29
2020-08-11,843.08,13.13
2020-08-12,846.92,13.3
2020-08-13,855.05,13.32
2020-08-14,850.74,13.3
2020-08-17,850.15,13.27
2020-08-18,846.43,13.28
2020-08-19,851.21,13.3
2020-08-20,848.21,13.25
2020-08-21,854.78,13.31
2020-08-24,868.68,13.58
2020-08-25,874.12,13.78
2020-08-26,873.47,13.68
2020-08-27,874.71,13.75
2020-08-28,878.98,13.85
2020-08-31,881.65,13.79
2020-09-01,891.73,13.98
2020-09-03,903.97,14.12
2020-09-04,901.54,14.09
2020-09-07,888.25,14.0
2020-09-08,890.14,13.97
2020-09-09,889.32,13.8
2020-09-10,888.82,13.83
2020-09-11,888.97,13.87
2020-09-14,894.57,13.95
2020-09-15,896.26,13.97
2020-09-16,897.47,14.0
2020-09-17,894.04,14.0
2020-09-18,900.95,14.2
2020-09-21,907.94,14.28
2020-09-22,906.19,14.3
2020-09-23,912.5,14.38
2020-09-24,908.58,14.3
2020-09-25,908.27,14.3
2020-09-28,912.5,14.49
2020-09-29,903.98,14.53
2020-09-30,905.21,14.52
2020-10-01,914.09,14.55
2020-10-02,909.91,14.5
2020-10-05,914.68,14.54
2020-10-06,915.67,14.61
2020-10-07,919.72,14.66
2020-10-08,918.84,14.6
2020-10-09,924.0,14.63
2020-10-12,925.83,14.7
2020-10-13,929.86,14.7
2020-10-14,940.18,14.95
2020-10-15,942.76,15.07
2020-10-16,943.3,15.1
2020-10-19,943.69,15.14
2020-10-20,944.42,15.3
2020-10-21,939.03,15.3
2020-10-22,949.9,15.45
2020-10-23,961.26,15.62
2020-10-26,950.8,15.74
2020-10-27,946.47,15.41
2020-10-28,921.05,14.8
2020-10-29,919.08,14.79
2020-10-30,925.47,14.9
2020-11-02,933.68,14.96
2020-11-03,935.41,15.18
2020-11-04,939.76,15.23
2020-11-05,937.75,15.2
2020-11-06,938.29,15.2
2020-11-09,951.99,15.33
2020-11-10,951.9,15.5
2020-11-11,952.22,15.36
2020-11-12,959.28,15.41
2020-11-13,966.29,15.7
2020-11-16,950.79,15.35
2020-11-17,968.9,15.52
2020-11-18,973.53,15.7
2020-11-19,983.26,15.82
2020-11-20,990.0,15.95
2020-11-23,994.19,15.95
2020-11-24,995.76,16.05
2020-11-25,999.94,16.18
2020-11-26,1005.97,16.2
2020-11-27,1010.22,16.24
2020-11-30,1003.08,16.27
2020-12-01,1008.87,16.32
2020-12-02,1014.32,16.45
2020-12-03,1019.8,16.65
2020-12-04,1021.49,16.6
2020-12-07,1029.98,16.67
2020-12-08,1029.26,16.63
2020-12-09,1039.13,16.92
2020-12-10,1030.91,16.72
2020-12-11,1045.96,16.92
2020-12-14,1064.09,17.11
2020-12-15,1055.27,17.0
2020-12-16,1066.99,17.3
2020-12-17,1051.77,17.1
2020-12-18,1067.46,17.59
2020-12-21,1081.08,17.7
2020-12-22,1083.45,17.69
2020-12-23,1078.9,17.6
2020-12-24,1067.52,17.5
2020-12-25,1084.42,17.8
2020-12-28,1091.33,17.71
2020-12-29,1099.49,17.79
2020-12-30,1097.54,17.73
2020-12-31,1103.87,18.0
2021-01-04,1120.47,18.33
2021-01-05,1132.55,18.51
2021-01-06,1143.21,18.7
2021-01-07,1156.49,18.98
2021-01-08,1167.69,19.22
2021-01-11,1184.89,19.55
2021-01-12,1192.28,19.8
2021-01-13,1186.05,19.59
2021-01-14,1187.4,19.58
2021-01-15,1194.2,19.8
2021-01-18,1191.94,19.69
2021-01-19,1131.0,18.7
2021-01-20,1134.68,18.85
2021-01-21,1164.21,19.3
2021-01-22,1166.78,19.39
2021-01-25,1166.05,19.36
2021-01-26,1136.12,18.7
2021-01-27,1097.17,18.35
2021-01-28,1023.94,17.07
2021-01-29,1056.61,17.5
2021-02-01,1035.51,17.31
2021-02-02,1075.53,18.2
2021-02-03,1111.29,18.85
2021-02-04,1112.19,18.75
2021-02-05,1126.91,19.49
2021-02-08,1083.18,18.59
2021-02-09,1114.93,19.47
2021-02-17,1155.78,19.6
2021-02-18,1174.38,19.76
2021-02-19,1173.5,19.85
2021-02-22,1175.04,19.81
2021-02-23,1177.64,19.9
2021-02-24,1162.01,19.55
2021-02-25,1165.43,19.72
2021-02-26,1168.47,19.7
2021-03-01,1186.17,20.03
2021-03-02,1186.61,20.03
2021-03-03,1186.95,20.06
2021-03-04,1168.52,20.1
2021-03-05,1168.69,19.74
2021-03-08,1168.27,19.66
2021-03-09,1161.97,19.65
2021-03-10,1170.08,19.72
2021-03-11,1181.73,20.0
2021-03-12,1181.56,19.92
2021-03-15,1184.56,20.0
2021-03-16,1179.9,19.99
2021-03-17,1186.09,20.03
2021-03-18,1200.94,20.28
2021-03-19,1194.05,20.2
2021-03-22,1194.43,20.22
2021-03-23,1183.45,19.95
2021-03-24,1161.81,19.7
2021-03-25,1163.1,19.6
2021-03-26,1162.21,19.65
2021-03-29,1175.68,19.89
2021-03-30,1186.36,20.0
2021-03-31,1191.44,20.1
2021-04-01,1216.1,20.6
2021-04-02,1224.45,20.84
2021-04-05,1236.05,21.06
2021-04-06,1239.96,21.04
2021-04-07,1242.38,21.11
2021-04-08,1234.89,20.9
2021-04-09,1231.66,21.0
2021-04-12,1252.45,21.47
2021-04-13,1248.33,21.2
2021-04-14,1255.87,21.11
2021-04-15,1247.25,21.59
2021-04-16,1238.71,21.5
2021-04-19,1260.58,21.98
2021-04-20,1268.28,22.38
2021-04-22,1227.82,21.69
2021-04-23,1248.53,22.0
2021-04-26,1215.77,21.26
2021-04-27,1219.75,21.46
2021-04-28,1229.55,21.63
2021-04-29,1239.39,22.0
2021-05-04,1242.2,22.2
2021-05-05,1256.43,22.5
2021-05-06,1250.57,22.4
2021-05-07,1241.81,22.4
2021-05-10,1259.58,22.99
2021-05-11,1256.04,23.23
2021-05-12,1269.09,23.09
2021-05-13,1261.99,23.0
2021-05-14,1266.36,23.0
2021-05-17,1258.7,23.0
2021-05-18,1252.68,23.1
2021-05-19,1262.49,23.21
2021-05-20,1278.22,23.74
2021-05-21,1283.93,23.84
2021-05-24,1297.98,25.5
2021-05-25,1308.58,24.2
2021-05-26,1316.7,24.37
2021-05-27,1303.57,24.36
2021-05-28,1320.46,24.48
2021-05-31,1328.05,24.48
2021-06-01,1337.78,24.97
2021-06-02,1340.78,24.59
2021-06-03,1364.28,25.26
2021-06-04,1374.05,25.24
2021-06-07,1358.78,24.92
2021-06-08,1319.88,24.46
2021-06-09,1332.9,24.6
2021-06-10,1323.58,24.5
2021-06-11,1351.74,24.98
2021-06-14,1361.72,25.1
2021-06-15,1367.36,25.05
2021-06-16,1356.52,24.78
2021-06-17,1359.92,24.77
2021-06-18,1377.77,24.9
2021-06-21,1372.63,24.8
2021-06-22,1379.97,25.11
2021-06-23,1376.87,25.1
2021-06-24,1379.72,24.9
2021-06-25,1390.12,25.26
2021-06-28,1405.81,25.6
2021-06-29,1410.04,25.8
2021-06-30,1408.55,25.84
2021-07-01,1417.08,25.89
2021-07-02,1420.27,26.2
2021-07-05,1411.13,26.0
2021-07-06,1354.79,25.6
2021-07-07,1388.55,26.0
2021-07-08,1374.68,25.3
2021-07-09,1347.14,25.49
2021-07-12,1296.3,24.75
2021-07-13,1297.54,24.95
2021-07-14,1279.91,24.11
2021-07-15,1293.92,24.25
2021-07-16,1299.31,24.5
2021-07-19,1243.51,23.3
2021-07-20,1273.29,23.98
2021-07-21,1270.79,23.6
2021-07-22,1293.67,24.0
2021-07-23,1268.83,23.82
2021-07-26,1272.71,23.96
2021-07-27,1276.93,23.88
2021-07-28,1277.07,23.8
2021-07-29,1293.6,24.05
2021-07-30,1310.05,24.6
2021-08-02,1314.22,24.7
2021-08-03,1332.44,24.7
2021-08-04,1334.74,24.5
2021-08-05,1345.55,24.74
2021-08-06,1341.45,24.92
2021-08-09,1359.86,25.2
2021-08-10,1362.43,25.19
2021-08-11,1357.79,25.1
2021-08-12,1353.05,24.83
2021-08-13,1357.05,24.82
2021-08-16,1370.96,25.3
2021-08-17,1363.09,25.26
2021-08-18,1360.94,25.17
2021-08-19,1374.85,25.01
2021-08-20,1329.43,24.1
2021-08-23,1298.86,23.7
2021-08-24,1298.74,23.95
2021-08-25,1309.55,24.05
2021-08-26,1301.12,23.99
2021-08-27,1313.2,23.8
2021-08-30,1328.14,24.0
2021-08-31,1331.47,24.1
2021-09-01,1334.65,24.05
2021-09-06,1346.39,24.4
2021-09-07,1341.9,24.55
2021-09-08,1333.61,24.25
2021-09-09,1343.98,24.28
2021-09-10,1345.31,24.49
2021-09-13,1341.43,24.3
2021-09-14,1339.7,24.2
2021-09-15,1345.83,24.4
2021-09-16,1345.87,24.4
2021-09-17,1352.64,24.56
2021-09-20,1350.48,24.99
2021-09-21,1339.84,24.85
2021-09-22,1350.68,24.5
2021-09-23,1352.76,24.84
2021-09-24,1351.17,24.6
2021-09-27,1324.99,24.44
2021-09-28,1339.31,24.31
2021-09-29,1339.21,24.4
2021-09-30,1342.06,24.55
2021-10-01,1334.89,24.57
2021-10-04,1339.54,24.55
2021-10-05,1354.63,24.5
2021-10-06,1362.82,24.53
2021-10-07,1365.99,24.6
2021-10-08,1372.73,24.9
2021-10-11,1394.09,25.4
2021-10-12,1394.8,25.45
2021-10-13,1391.91,25.4
2021-10-14,1391.85,25.2
2021-10-15,1392.7,25.34
2021-10-18,1395.53,25.85
2021-10-19,1395.33,25.68
2021-10-20,1393.8,25.77
2021-10-21,1384.77,25.45
2021-10-22,1389.24,25.5
2021-10-25,1385.4,25.0
2021-10-26,1391.63,25.38
2021-10-27,1423.02,25.46
2021-10-28,1438.01,25.93
2021-10-29,1444.27,25.71
2021-11-01,1438.97,25.69
2021-11-02,1452.46,25.69
2021-11-03,1444.3,25.7
2021-11-04,1448.34,25.65
2021-11-05,1456.51,25.96
2021-11-08,1467.57,25.95
2021-11-09,1461.5,25.69
2021-11-10,1465.02,25.71
2021-11-11,1462.35,25.69
2021-11-12,1473.37,25.89
2021-11-15,1476.57,25.8
2021-11-16,1466.45,25.5
2021-11-17,1475.85,25.52
2021-11-18,1469.83,25.4
2021-11-19,1452.35,25.5
2021-11-22,1447.25,25.25
2021-11-23,1463.63,25.6
2021-11-24,1488.87,26.2
2021-11-25,1500.81,26.2
2021-11-26,1493.03,26.34
2021-11-29,1484.84,26.2
2021-11-30,1478.44,25.8
2021-12-01,1485.19,26.2
2021-12-02,1482.05,26.18
2021-12-03,1443.32,25.5
2021-12-06,1413.58,25.01
2021-12-07,1446.77,25.98
2021-12-08,1452.87,25.5
2021-12-09,1467.98,25.75
2021-12-10,1463.54,25.6
2021-12-13,1476.21,26.0
2021-12-14,1476.02,25.5
2021-12-15,1475.5,25.7
2021-12-16,1476.61,25.35
2021-12-17,1479.79,25.5
2021-12-20,1477.33,25.5
2021-12-21,1478.74,25.36
2021-12-22,1477.67,25.4
2021-12-23,1456.96,25.24
2021-12-24,1477.03,25.3
2021-12-27,1488.88,25.5
2021-12-28,1494.39,25.4
2021-12-29,1485.82,25.5
2021-12-30,1485.97,25.6
2021-12-31,1498.28,25.83
2022-01-04,1525.58,26.2
2022-01-05,1522.5,25.99
2022-01-06,1528.57,25.82
2022-01-07,1528.48,25.85
2022-01-10,1503.71,25.58
2022-01-11,1492.31,25.4
2022-01-12,1510.51,25.21
2022-01-13,1496.05,25.81
2022-01-14,1496.02,25.65
2022-01-17,1452.84,25.0
2022-01-18,1438.94,25.29
2022-01-19,1442.79,25.2
2022-01-20,1465.3,24.95
2022-01-21,1472.89,25.11
2022-01-24,1439.71,24.97
2022-01-25,1479.58,25.18
2022-01-26,1481.58,25.5
2022-01-27,1470.76,25.58
2022-01-28,1478.96,25.74
2022-02-07,1497.66,25.91
2022-02-08,1500.99,26.1
2022-02-09,1505.38,26.3
2022-02-10,1506.79,26.17
2022-02-11,1501.71,26.08
2022-02-14,1471.96,26.0
2022-02-15,1492.75,25.69
2022-02-16,1492.1,25.91
2022-02-17,1507.99,25.95
2022-02-18,1504.84,25.75
2022-02-21,1507.13,25.71
